{
  "125.0": {
    "limit": {
      "obs": [
        310.1803149446496
      ],
      "p": 0.11,
      "toy": [
        260.87597603217,
        287.507224300236,
        302.3067295192159,
        235.5376401041285,
        238.28672049194574,
        311.77530849399045,
        289.97068153636064,
        279.3601219068514,
        303.93621998949675,
        294.2223128824844,
        290.88576807425125,
        245.7175162594649,
        280.3252990228357,
        265.12298054411076,
        271.4434306009207,
        264.52239299053326,
        240.028403598757,
        295.9770304840058,
        288.5891949849902,
        269.07369736849796,
        297.2506380894338,
        307.4799785441719,
        294.7247044661781,
        271.9336349617224,
        273.9868006048491,
        244.16826521174517,
        256.1306881662458,
        279.80534625588916,
        325.36634253762895,
        317.48307355254656,
        287.81137177260825,
        268.84263892209856,
        310.4678942577448,
        262.38302836497314,
        266.26631408318644,
        259.33452412777115,
        260.69172963348683,
        280.8494757885928,
        266.6863884431077,
        306.37248441547854,
        314.0570077994489,
        290.95864886720665,
        308.7567798657692,
        268.58849721355364,
        304.5513055457268,
        268.743711351417,
        289.77397192188073,
        297.91535247449065,
        261.83029663097113,
        292.5372497602948,
        262.64755711046746,
        336.1194355486077,
        296.85985549591715,
        261.4259188855067,
        286.9274848123314,
        285.89148127275985,
        266.77884906798135,
        282.9179917979636,
        258.1845741366851,
        289.10252662934363,
        289.1728050765232,
        332.16402246814687,
        299.64253513136646,
        276.419389870076,
        243.7985213911743,
        282.59590549074346,
        293.72693052195245,
        291.7431771555566,
        253.1229063681676,
        294.2269754782319,
        266.2650765447761,
        279.74397629190935,
        251.27198287512874,
        296.0824052002863,
        252.4356068042107,
        260.0567389543867,
        271.3676638494944,
        347.1218955407385,
        314.29922647221247,
        261.4130860119476,
        313.6812441254733,
        272.43557984760264,
        309.9247821607278,
        253.15105073829181,
        261.6510055731633,
        289.0695272955345,
        252.71402113087242,
        302.7582352873869,
        285.05900074733654,
        281.44117773568723,
        259.17377297149505,
        290.9725788188516,
        248.40042904875008,
        242.71643711149227,
        266.475497545267,
        264.2521650288254,
        371.16862618003506,
        251.19499758753227,
        285.9172940478893,
        278.2675087614334
      ]
    }
  }
}